Technical University of Denmark;103;15000 EUR per year
Aarhus University;147;10000 EUR per year
Vrije Universiteit Amsterdam;=236;14762 EUR per year
Alma Mater Studiorum - Univers ...;160;Not Provided
Università degli Studi di Pavia;601-650;Not Provided
Utrecht University;=121;20473 EUR per year
City, University of London;=350;Not Provided
Radboud University;=214;12645 EUR per year
Sustainability Management School;=214;12645 EUR per year
Lomonosov Moscow State University;74;5338 EUR per year
ISDI - Digital Business School;74;5338 EUR per year
ESCP Business School - Berlin;74;5338 EUR per year
Kazan (Volga region) Federal U ...;=370;Not Provided
Queen's University Belfast;209;18702 EUR per year
Universitat Politècnica de Val ...;=326;Not Provided
KU Leuven;84;Not Provided
IE School of Human Sciences &amp; ...;84;Not Provided
University of Lincoln;84;Not Provided
Fundación Universitaria San Pa ...;84;Not Provided
Wageningen University &amp; Research;=115;18700 EUR per year
University of Helsinki;104;15000 EUR per year
Bocconi University;104;15000 EUR per year
Chalmers University of Technology;=139;14551 EUR per year
Imperial College London;8;39750 EUR per year
Novosibirsk State University;=228;8891 EUR per year
University of St.Gallen (HSG);=428;Not Provided
Oxford Brookes University;=383;15855 EUR per year
The London School of Economics ...;49;24278 EUR per year
University of Amsterdam;61;15510 EUR per year
UCAM Universidad Católica San ...;61;15510 EUR per year
Swansea University;=474;21829 EUR per year
University of Stirling;=485;0 EUR per year
Leiden University;=128;18600 EUR per year
Frankfurt School of Finance &amp; ...;=128;18600 EUR per year
Complutense University of Madrid;206;5200 EUR per year
Ecole Polytechnique;=61;18450 EUR per year
IE Business School;=61;18450 EUR per year
University of Naples - Federico II;=392;160 EUR per year
KTH Royal Institute of Technology;98;14500 EUR per year
University of Bristol;58;Not Provided
Université de Paris;58;Not Provided
Lancaster University Managemen ...;58;Not Provided
EDHEC Business School;58;Not Provided
ESCP Business School - Paris;58;Not Provided
University of Economics, Prague;58;Not Provided
SOAS University of London;=346;24285 EUR per year
University of Debrecen;521-530;6224 EUR per year
Trinity College Dublin, The Un ...;=101;16868 EUR per year
University of Szeged;501-510;6000 EUR per year
Tallinn University of Technolo ...;651-700;Not Provided
Karolinska Institutet;651-700;Not Provided
SRH Berlin University of Appli ...;651-700;Not Provided
Politecnico di Milano;137;10156 EUR per year
EIT Digital Master School;137;10156 EUR per year
University College Dublin;=177;17078 EUR per year
Tilburg University;=368;14600 EUR per year
Peter the Great St. Petersburg ...;=401;Not Provided
USI - Università della Svizzer ...;=401;Not Provided
Aalborg University;=305;13486 EUR per year
Universidad Rey Juan Carlos;=305;13486 EUR per year
University of Navarra;=252;Not Provided
Cardiff University;159;Not Provided
IE University;159;Not Provided
Linköping University;=362;12008 EUR per year
National Research Nuclear Univ ...;=314;2307 EUR per year
L'Ecole de design Nantes Atlantique;=314;2307 EUR per year
John Cabot University;=314;2307 EUR per year
ISAM International School of A ...;=314;2307 EUR per year
Ludwig-Maximilians-Universität ...;63;0 EUR per year
University of Wolverhampton;63;0 EUR per year
Politecnico di Torino;=308;Not Provided
Universitat Autònoma de Barcelona;213;9000 EUR per year
RUDN University;=326;3200 EUR per year
University of Kent;=380;18088 EUR per year
Università&nbsp;di Padova;216;6900 EUR per year
National Research University M ...;216;6900 EUR per year
Lancaster University Leipzig;216;6900 EUR per year
The National University of Sci ...;=428;860 EUR per credit
ESSEC Business School;=428;860 EUR per credit
Universität Hamburg;=228;8000 EUR per year
University of Milan;=301;9800 EUR per year
Moscow State Institute of Inte ...;=348;Not Provided
UCL;10;26061 EUR per year
Heriot-Watt University;=301;18635 EUR per year
WMG - Warwick Manufacturing Group;=301;18635 EUR per year
Université Paris-Saclay;=305;4000 EUR per year
Universitat Politècnica de Cat ...;=314;Not Provided
Plekhanov Russian University o ...;751-800;Not Provided
Universidad Carlos III de Madr ...;=311;Not Provided
University of Parma;=311;Not Provided
Ural Federal University - UrFU;=331;Not Provided
Cranfield University;=331;Not Provided
Samara National Research Unive ...;=331;Not Provided
University of Sussex;=246;25123 EUR per year
The University of Manchester;=27;29455 EUR per year
Lund University;97;16995 EUR per year
University of Eastern Finland;=499;9000 EUR per year
University of the Arts London;=499;9000 EUR per year
The University of Edinburgh;20;24118 EUR per year
Atılım Üniversitesi;20;24118 EUR per year
Barcelona Graduate School of E ...;20;24118 EUR per year
University of Oxford;5;8307 EUR per year
University of Cambridge;7;29263 EUR per year
University of Glasgow;=77;5025 EUR per full
University of Groningen;=128;15500 EUR per year
Newcastle University;=152;17748 EUR per year
The University of Exeter;164;22214 EUR per year
University of Liverpool;=181;19529 EUR per year
Loughborough University;226;33943 EUR per year
National University of Ireland ...;=238;15550 EUR per year
University of Leicester;=242;10674 EUR per year
University of Surrey;=267;20098 EUR per year
University of Strathclyde;=296;Not Provided
University of Pisa;=383;356 EUR per year
Goldsmiths, University of London;=416;16480 EUR per year
University of Coimbra;431;7000 EUR per year
Université de Liège;=451;18550 EUR per year
University of Limerick;511-520;Not Provided
Coventry University;541-550;18535 EUR per year
University of Portsmouth;601-650;15967 EUR per year
University of Hull;601-650;15626 EUR per year
Lobachevsky University;601-650;13678 EUR per year
Vilnius Gediminas Technical Un ...;651-700;Not Provided
Northumbria University at Newcastle;651-700;17307 EUR per year
Sumy State University;701-750;Not Provided
University of Huddersfield;701-750;16190 EUR per year
Babes-Bolyai University;801-1000;6000 EUR per year
Vytautas Magnus University;801-1000;2952 EUR per year
University of Central Lancashire;801-1000;14739 EUR per year
University of Latvia;801-1000;3000 EUR per year
London South Bank University;801-1000;3000 EUR per year
Leeds Beckett University;801-1000;3000 EUR per year
Saint-Petersburg Mining University;801-1000;3000 EUR per year
Russian State Social University;801-1000;3000 EUR per year
National Research University o ...;801-1000;3000 EUR per year
Russian Presidential Academy o ...;801-1000;3000 EUR per year
Bournemouth University;801-1000;3000 EUR per year
National College of Ireland;801-1000;3000 EUR per year
University of Sunderland;801-1000;3000 EUR per year
Riga Technical University;801-1000;3000 EUR per year
EURECOM;801-1000;3000 EUR per year
Tomsk State University of Cont ...;801-1000;3000 EUR per year
Financial University under the ...;801-1000;3000 EUR per year
Széchenyi István University;801-1000;3000 EUR per year
Kazan National Research Techni ...;801-1000;3000 EUR per year
Universidad Europea;801-1000;3000 EUR per year
Bogomolets National Medical Un ...;801-1000;3000 EUR per year
Volgograd State University;801-1000;3000 EUR per year
Sheffield Hallam University;801-1000;3000 EUR per year
Siberian Federal University, SibFU;801-1000;3000 EUR per year
Edinburgh Napier University;801-1000;3000 EUR per year
Novosibirsk State Technical Un ...;801-1000;3000 EUR per year
University of Belgrade;N/A;2000 EUR per year
Université Diderot Paris 7;N/A;2000 EUR per year
Université Paris Descartes;N/A;2000 EUR per year
Université Paris-Dauphine, Uni ...;N/A;2000 EUR per year
University of Tampere;N/A;2000 EUR per year
Université Montpellier 2 Scien ...;N/A;2000 EUR per year
Université de Cergy-Pontoise;N/A;2000 EUR per year
Ecole normale supérieure, Paris;N/A;2000 EUR per year
Vasyl` Stus Donetsk National U ...;N/A;2000 EUR per year
Université Pierre et Marie Cur ...;N/A;2000 EUR per year
Tampere University of Technology ;N/A;2000 EUR per year
Alexandru Ioan Cuza University;N/A;2000 EUR per year
Université Charles-de-Gaulle L ...;N/A;2000 EUR per year
ETH Zurich - Swiss Federal Ins ...;6;Not Provided
EPFL;14;15000 EUR per year
King's College London;=31;10886 EUR per year
Technical University of Munich;50;0 EUR per year
Delft University of Technology;57;18750 EUR per year
The University of Warwick;62;21240 EUR per year
University of Zurich;=69;1196 EUR per year
Durham University;86;21494 EUR per full
University of Birmingham;87;32252 EUR per year
University of Southampton;90;9658 EUR per year
University of Leeds;91;18000 EUR per year
The University of Sheffield;=93;8932 EUR per year
University of St Andrews;96;21661 EUR per year
University of Nottingham;99;14772 EUR per year
University of Geneva;=106;860 EUR per year
University of Oslo;113;0 EUR per year
University of Bern;114;897 EUR per year
Queen Mary University of London;114;Not Provided
Humboldt-Universität zu Berlin;117;Not Provided
Eindhoven University of Technology;120;16200 EUR per year
Uppsala University;=124;Not Provided
Aalto University;127;15000 EUR per year
Freie Universitaet Berlin;130;Not Provided
KIT, Karlsruhe Institute of Te ...;131;Not Provided
Ghent University;=135;5624 EUR per year
Lancaster University;=135;5248 EUR per year
RWTH Aachen University;145;24000 EUR per year
Technische Universität Berlin ...;148;10995 EUR per year
University of Basel;149;1544 EUR per year
University of Vienna;=150;1452 EUR per year
École Normale Supérieure de Lyon;161;256 EUR per year
University of Lausanne;=169;897 EUR per year
Sapienza University of Rome;171;2924 EUR per year
Technische Universität Dresden;=173;Not Provided
University of Bath;=173;15297 EUR per year
Eberhard Karls Universität Tüb ...;=175;Not Provided
Albert-Ludwigs-Universitaet Fr ...;=175;Not Provided
Stockholm University;=181;19218 EUR per year
Universitat de Barcelona;183;8904 EUR per year
Université catholique de Louva ...;=189;Not Provided
Vienna University of Technology;=191;1452 EUR per year
University of Bergen;194;Not Provided
University of Twente;=197;15750 EUR per year
Universidad Autónoma de Madrid;=200;Not Provided
Vrije Universiteit Brussel (VUB);=200;3243 EUR per year
University of Gothenburg;202;22447 EUR per year
University of Reading;205;609 EUR per credit
University of Aberdeen;207;10049 EUR per year
University of Antwerp;223;2890 EUR per year
Saint Petersburg State University;225;4321 EUR per year
Maastricht University ;=234;8500 EUR per year
Rheinische Friedrich-Wilhelms- ...;=240;Not Provided
Universite libre de Bruxelles;=250;Not Provided
Tomsk State University;=250;4126 EUR per year
Charles University;=260;6000 EUR per year
Universität Innsbruck;=265;Not Provided
Technical University of Darmstadt;=267;4000 EUR per year
Moscow Institute of Physics an ...;281;5969 EUR per year
University of Cologne;=282;26500 EUR per year
Bauman Moscow State Technical ...;=282;8000 EUR per year
University of Tartu;285;4000 EUR per year
University College Cork;286;6500 EUR per year
Université Paris 1 Panthéon-So ...;=287;Not Provided
Universitat Pompeu Fabra;=287;Not Provided
University of Turku;=287;12000 EUR per year
ENS Paris-Saclay;=291;Not Provided
HSE University (National Resea ...;=298;Not Provided
Universität Mannheim;307;Not Provided
Royal Holloway University of London;=308;20656 EUR per year
Goethe-University Frankfurt am Main;=311;16000 EUR per year
Friedrich-Alexander-Universitä ...;=317;Not Provided
Belarusian State University;=317;16190 EUR per year
University of Dundee;319;0 EUR per year
University of Warsaw;=321;4000 EUR per year
Universität Jena;=323;Not Provided
Jagiellonian University;=326;18300 EUR per year
Universität Stuttgart;=333;10049 EUR per year
University of East Anglia (UEA);=333;17977 EUR per year
University of Jyväskylä;=333;12000 EUR per year
Umea University;=333;2171 EUR per year
University Ulm;=344;3000 EUR per year
Birkbeck, University of London;=344;8486 EUR per year
University of Southern Denmark ...;=353;8500 EUR per year
Westfälische Wilhelms-Universi ...;356;Not Provided
University of Lisbon;=357;4667 EUR per year
University of Porto;=357;5000 EUR per year
Norwegian University of Scienc ...;=360;0 EUR per year
Johannes Kepler University Linz;=362;10000 EUR per year
Brunel University London;=368;17709 EUR per year
Université de Strasbourg;=398;Not Provided
National Research Tomsk Polyte ...;=401;Not Provided
Johannes Gutenberg Universität ...;=403;9000 EUR per year
University of Trento;=403;6500 EUR per year
University of Oulu;408;10000 EUR per year
University of Essex;=411;11166 EUR per year
University of Tromsø The Arcti ...;=416;Not Provided
Vilnius University;=423;5000 EUR per year
University of Bordeaux;425;Not Provided
Universidade Nova de Lisboa;=428;3100 EUR per year
University of Florence;=432;Not Provided
Julius-Maximilians-Universität ...;=432;Not Provided
Ruhr-Universität Bochum;=439;0 EUR per year
Dublin City University;=439;19900 EUR per year
Universität Konstanz;=443;Not Provided
Universität des Saarlandes;=451;Not Provided
Koç University;=465;0 EUR per year
National Technical University ...;=477;Not Provided
V. N. Karazin Kharkiv National ...;=477;Not Provided
Universität Leipzig;=483;Not Provided
Aberystwyth University;=485;16413 EUR per year
Far Eastern Federal University;=493;4330 EUR per year
Universidad de Zaragoza;501-510;Not Provided
Warsaw University of Technology;511-520;4000 EUR per year
Aix-Marseille University;511-520;9000 EUR per year
University of Klagenfurt;511-520;363 EUR per year
University of Rome "Tor Vergata";511-520;Not Provided
University of Bayreuth;521-530;Not Provided
Sabanci University;521-530;16005 EUR per year
University of Milano-Bicocca;521-530;Not Provided
University of Turin;521-530;Not Provided
Justus-Liebig-University Giessen;531-540;0 EUR per year
Masaryk University;531-540;3000 EUR per year
Institut National des Sciences ...;541-550;9000 EUR per year
Universität Bremen;541-550;16000 EUR per year
Université Paul Sabatier Toulo ...;551-560;Not Provided
Technische Universität Braunsc ...;551-560;Not Provided
Aristotle University of Thessa ...;571-580;Not Provided
Kingston University, London;581-590;17865 EUR per year
Universitat de Valencia;591-600;16000 EUR per year
Southern Federal University;591-600;Not Provided
Ulster University;601-650;16168 EUR per year
University of Bradford;601-650;18803 EUR per year
University of Salamanca;601-650;5200 EUR per year
Universität Regensburg;601-650;Not Provided
Taras Shevchenko National Univ ...;601-650;Not Provided
University of Ljubljana;601-650;6000 EUR per year
Eötvös Loránd University;601-650;4400 EUR per year
Bangor University;601-650;16748 EUR per year
Leibniz University Hannover;651-700;0 EUR per year
National Technical University ...;651-700;Not Provided
University of Plymouth;651-700;16525 EUR per year
Bogaziçi Üniversitesi;651-700;Not Provided
National and Kapodistrian Univ ...;651-700;Not Provided
University of Siena;651-700;Not Provided
University of Trieste;701-750;1100 EUR per year
Middlesex University;701-750;15632 EUR per year
Universität Rostock;701-750;Not Provided
Maynooth University;701-750;Not Provided
Brno University of Technology;701-750;3000 EUR per year
Université Claude Bernard Lyon 1;701-750;243 EUR per year
Keele University;701-750;17307 EUR per year
Universidade de Santiago de Co ...;701-750;Not Provided
Istanbul Technical University;751-800;4742 EUR per year
University of Brescia;751-800;Not Provided
Ca' Foscari University of Venice;751-800;2100 EUR per year
Università degli Studi di Perugia;751-800;Not Provided
Universität Duisburg-Essen;751-800;Not Provided
University of Modena and Reggi ...;751-800;Not Provided
University of Patras;751-800;Not Provided
Robert Gordon University;801-1000;15319 EUR per year
London Metropolitan University;801-1000;1641 EUR per module
Technological University Dublin;801-1000;15000 EUR per year
Manchester Metropolitan Univer ...;801-1000;Not Provided
Kaunas University of Technology;801-1000;4300 EUR per year
University of Murcia;801-1000;6000 EUR per year
Istanbul University;801-1000;3314 EUR per year
Athens University of Economics ...;801-1000;5000 EUR per year
Corvinus University of Budapest;801-1000;6800 EUR per year
University of Crete;801-1000;8000 EUR per year
Hacettepe University;801-1000;Not Provided
Bielefeld University;801-1000;0 EUR per year
TU Dortmund University;801-1000;0 EUR per year
University of East London;801-1000;24285 EUR per year
University of Hertfordshire;801-1000;15241 EUR per year
Belarusian National Technical ...;801-1000;Not Provided
University of Bucharest;801-1000;23333 EUR per year
Verona University;801-1000;1000 EUR per year
University of Salford;801-1000;16380 EUR per year
Université PSL;801-1000;16380 EUR per year
University of Gloucestershire;801-1000;16380 EUR per year
University POLITEHNICA of Bucharest;801-1000;16380 EUR per year
Grenoble Ecole de Management;801-1000;16380 EUR per year
Institut polytechnique de Gren ...;801-1000;16380 EUR per year
Moscow State Linguistic University;801-1000;16380 EUR per year
Universitat Jaume I;801-1000;16380 EUR per year
ENSEIRB-MATMECA, Bordeaux;801-1000;16380 EUR per year
Yanka Kupala State University ...;801-1000;16380 EUR per year
Lesya Ukrainka Eastern Europea ...;801-1000;16380 EUR per year
University of West London;801-1000;16380 EUR per year
Aston Business School;801-1000;16380 EUR per year
Volodymyr Dahl East Ukrainian ...;801-1000;16380 EUR per year
ParisTech;801-1000;16380 EUR per year
"KROK" University;801-1000;16380 EUR per year
Varna University of Management;801-1000;16380 EUR per year
Mendeleev University of Chemic ...;801-1000;16380 EUR per year
University of Pardubice;801-1000;16380 EUR per year
Kore University of Enna;801-1000;16380 EUR per year
ESG Formation Continue;801-1000;16380 EUR per year
Groupe ESA, École Supérieure d ...;801-1000;16380 EUR per year
Saint-Petersburg State Institu ...;801-1000;16380 EUR per year
Leonard De Vinci Group;801-1000;16380 EUR per year
Pavol Jozef Šafárik University ...;801-1000;16380 EUR per year
Deree College - The American C ...;801-1000;16380 EUR per year
Institut National Polytechniqu ...;801-1000;16380 EUR per year
South Ural State University (N ...;801-1000;16380 EUR per year
Kaliningrad State Technical Un ...;801-1000;16380 EUR per year
Innopolis University;801-1000;16380 EUR per year
Flanders Knowledge Area;801-1000;16380 EUR per year
Reykjavik University;801-1000;16380 EUR per year
Northern (Arctic) Federal Univ ...;801-1000;16380 EUR per year
Orenburg State University;801-1000;16380 EUR per year
Saratov State Technical University;801-1000;16380 EUR per year
University of Hohenheim;801-1000;16380 EUR per year
Salzburg Urstein Institut;801-1000;16380 EUR per year
ITMO University;801-1000;16380 EUR per year
Università degli Studi della T ...;801-1000;16380 EUR per year
University of Minho;801-1000;16380 EUR per year
École Supérieure de Commerce, ...;801-1000;16380 EUR per year
OBS Business School;801-1000;16380 EUR per year
Moscow Polytechnic University;801-1000;16380 EUR per year
Saint Petersburg Electrotechni ...;801-1000;16380 EUR per year
EUDE Business School;801-1000;16380 EUR per year
School of Management;801-1000;16380 EUR per year
Ravensbourne;801-1000;16380 EUR per year
The Open University Business School;801-1000;16380 EUR per year
Waterford Institute of Technology;801-1000;16380 EUR per year
EPITECH - Paris Graduate Schoo ...;801-1000;16380 EUR per year
VORONEZH INSTITUTE OF HIGH TEC ...;801-1000;16380 EUR per year
Archimedes Foundation / Study ...;801-1000;16380 EUR per year
UPF Barcelona School of Management;801-1000;16380 EUR per year
Skolkovo Institute of Science ...;801-1000;16380 EUR per year
Kyiv National Economic Univers ...;801-1000;16380 EUR per year
Glasgow Caledonian University;801-1000;16380 EUR per year
North-Caucasus Federal University;801-1000;16380 EUR per year
University of Opole;801-1000;16380 EUR per year
Voronezh State University of F ...;801-1000;16380 EUR per year
École Supérieure de Génie Info ...;801-1000;16380 EUR per year
École Supérieure de Chimie Org ...;801-1000;16380 EUR per year
Stenden University of Applied ...;801-1000;16380 EUR per year
Universität für Bodenkultur Wien;801-1000;16380 EUR per year
Wetsus Academy;801-1000;16380 EUR per year
Yasar University;801-1000;16380 EUR per year
Perm National Research Polytec ...;801-1000;16380 EUR per year
ENSCP Chimie, ParisTech;801-1000;16380 EUR per year
George Emil Palade University ...;801-1000;16380 EUR per year
Liverpool John Moores University;801-1000;16380 EUR per year
Institute of Management Busine ...;801-1000;16380 EUR per year
Institut Mines-Télécom;801-1000;16380 EUR per year
Altai State University;801-1000;16380 EUR per year
Bolu Abant Izzet Baysal University;801-1000;16380 EUR per year
University of Economics in Bra ...;801-1000;16380 EUR per year
Moscow Pedagogical State Univ ...;801-1000;16380 EUR per year
Warsaw University of Life Scie ...;801-1000;16380 EUR per year
Strathclyde Business School;801-1000;16380 EUR per year
University of Maribor;801-1000;16380 EUR per year
Francisk Skorina Gomel State U ...;801-1000;16380 EUR per year
Escuela Europea de Negocios;801-1000;16380 EUR per year
State University "Uzhhorod Nat ...;801-1000;16380 EUR per year
Lithuanian University of Healt ...;801-1000;16380 EUR per year
Malmo University;801-1000;16380 EUR per year
Irkutsk State University;801-1000;16380 EUR per year
GISMA Business School;801-1000;16380 EUR per year
Petrozavodsk State University;801-1000;16380 EUR per year
Université Grenoble Alpes;801-1000;16380 EUR per year
University of the West of England;801-1000;16380 EUR per year
Universita' degli Studi della ...;801-1000;16380 EUR per year
Ural State Mining University;801-1000;16380 EUR per year
Ufa State Petroleum Technologi ...;801-1000;16380 EUR per year
Penza State University;801-1000;16380 EUR per year
Szent Istvan University;801-1000;16380 EUR per year
Polzunov Altai State Technical ...;801-1000;16380 EUR per year
"Dunarea de Jos" University of ...;801-1000;16380 EUR per year
University of Salerno;801-1000;16380 EUR per year
Jönköping University-Sweden;801-1000;16380 EUR per year
École Supérieure de Commerce, ...;801-1000;16380 EUR per year
Moscow State University of Tec ...;801-1000;16380 EUR per year
Vistula University;801-1000;16380 EUR per year
Yildiz Technical University;801-1000;16380 EUR per year
Universität Kassel;801-1000;16380 EUR per year
Tver State Technical Universit ...;801-1000;16380 EUR per year
ABMS - The Open University of ...;801-1000;16380 EUR per year
Silesian University of Technology;801-1000;16380 EUR per year
Palacký University Olomouc;801-1000;16380 EUR per year
University of Tyumen;801-1000;16380 EUR per year
The Open University;801-1000;16380 EUR per year
EOI Escuela de Negocios;801-1000;16380 EUR per year
German Institute of Science an ...;801-1000;16380 EUR per year
Universitat Ramon Llull;801-1000;16380 EUR per year
University of Calabria;801-1000;16380 EUR per year
University of the Basque Country;801-1000;16380 EUR per year
Russian New University RosNOU;801-1000;16380 EUR per year
ESEO Grande École d'Ingénieurs ...;801-1000;16380 EUR per year
Università degli studi Gugliel ...;801-1000;16380 EUR per year
Cardiff Business School;801-1000;16380 EUR per year
The Russian Foreign Trade Acad ...;801-1000;16380 EUR per year
Kyiv National University of Te ...;801-1000;16380 EUR per year
Izhevsk State Technical Univer ...;801-1000;16380 EUR per year
University of Leicester - Scho ...;801-1000;16380 EUR per year
University of Chemistry and Te ...;801-1000;16380 EUR per year
École Supérieure de Commerce, ...;801-1000;16380 EUR per year
Omsk State Technical University;801-1000;16380 EUR per year
Don State Technical University;801-1000;16380 EUR per year
IMF Formacion;801-1000;16380 EUR per year
Tomsk State University of Arch ...;801-1000;16380 EUR per year
Simon Kuznets Kharkiv National ...;801-1000;16380 EUR per year
Hochschule Esslingen;801-1000;16380 EUR per year
ESDEN Business School;801-1000;16380 EUR per year
University of Westminster;801-1000;16380 EUR per year
Fundació Universitat Oberta de ...;801-1000;16380 EUR per year
University of Palermo;801-1000;16380 EUR per year
The National Research Universi ...;801-1000;16380 EUR per year
The Open University;801-1000;16380 EUR per year
Reshetnev Siberian State Unive ...;801-1000;16380 EUR per year
Minin Nizhny Novgorod State Pe ...;801-1000;16380 EUR per year
TOBB University of Economics a ...;801-1000;16380 EUR per year
École Nationale Supérieure en ...;801-1000;16380 EUR per year
Irkutsk National Research Tech ...;801-1000;16380 EUR per year
Omsk State Agrarian University;801-1000;16380 EUR per year
Luiss Business School;801-1000;16380 EUR per year
Tampere University;801-1000;16380 EUR per year
Anglia Ruskin University ARU;801-1000;16380 EUR per year
Nosov Magnitogorsk State Techn ...;801-1000;16380 EUR per year
Business School Lausanne;801-1000;16380 EUR per year
Ecole d'ingénieurs de Purpan;801-1000;16380 EUR per year
Franklin University Switzerland;801-1000;16380 EUR per year
Diplomatische Akademie Wien - ...;801-1000;16380 EUR per year
Transilvania University of Brasov;801-1000;16380 EUR per year
Klaipeda University;801-1000;16380 EUR per year
Kharkiv National University of ...;801-1000;16380 EUR per year
Bashkir State University;801-1000;16380 EUR per year
Russian State Vocational Pedag ...;801-1000;16380 EUR per year
MIREA - Russian Technological ...;801-1000;16380 EUR per year
Academy of Economic Studies of ...;801-1000;16380 EUR per year
Samara Polytech;801-1000;16380 EUR per year
Industrial University of Tyume ...;801-1000;16380 EUR per year
Brunel Business School;801-1000;16380 EUR per year
Tomas Bata University in Zlin;801-1000;16380 EUR per year
Moscow Aviation Institute (Nat ...;801-1000;16380 EUR per year
Moscow State University of Eco ...;801-1000;16380 EUR per year
Ogarev Mordovia State University;801-1000;16380 EUR per year
The National University of Ost ...;801-1000;16380 EUR per year
Kristianstad University ;801-1000;16380 EUR per year
Vladimir State University name ...;801-1000;16380 EUR per year
Faculty of Engineering - Unive ...;801-1000;16380 EUR per year
Harbour.Space University;801-1000;16380 EUR per year
EPITA Graduate School of Compu ...;801-1000;16380 EUR per year
Next International Business School;801-1000;16380 EUR per year
Russian State University of In ...;801-1000;16380 EUR per year
Volga State University of Tech ...;801-1000;16380 EUR per year
University of Ioannina;801-1000;16380 EUR per year
Universitat Internacional de C ...;801-1000;16380 EUR per year
Ukhta State Technical University;801-1000;16380 EUR per year
The University of Northampton;801-1000;16380 EUR per year
Saxion Universities of Profess ...;801-1000;16380 EUR per year
TELECOM Paris;801-1000;16380 EUR per year
Belarusian-Russian University;801-1000;16380 EUR per year
Tomsk State Pedagogical University;801-1000;16380 EUR per year
Kyiv National University of Tr ...;801-1000;16380 EUR per year
Vinnytsia National Technical U ...;801-1000;16380 EUR per year
École Spéciale des Travaux Pub ...;801-1000;16380 EUR per year
Czech College;801-1000;16380 EUR per year
Slovak University of Technolog ...;801-1000;16380 EUR per year
Epsilon Net College;801-1000;16380 EUR per year
SAMARA STATE UNIVERSITY OF ECO ...;801-1000;16380 EUR per year
Afi Escuela de Finanzas;801-1000;16380 EUR per year
Universitat Rovira i Virgili;801-1000;16380 EUR per year
Saxion University of Applied S ...;801-1000;16380 EUR per year
École Supérieure de Sciences C ...;801-1000;16380 EUR per year
University of Macedonia;801-1000;16380 EUR per year
National Research Moscow State ...;801-1000;16380 EUR per year
InnoEnergy Master School;801-1000;16380 EUR per year
Southwest State University (Ku ...;801-1000;16380 EUR per year
Van Hall Larenstein, Universit ...;801-1000;16380 EUR per year
Saint-Petersburg State Forestr ...;801-1000;16380 EUR per year
Pass-world;801-1000;16380 EUR per year
BPP University;801-1000;16380 EUR per year
European University Skopje;801-1000;16380 EUR per year
University of the West of Scotland;801-1000;16380 EUR per year
Adam Mickiewicz University, Poznań;801-1000;16380 EUR per year
Volgograd State Technical Univ ...;801-1000;16380 EUR per year
Platov South-Russian State Pol ...;801-1000;16380 EUR per year
École Supérieure d'Ingénieurs ...;801-1000;16380 EUR per year
The School of Economics and Bu ...;801-1000;16380 EUR per year
University of Novi Sad;801-1000;16380 EUR per year
Graz University of Technology;801-1000;16380 EUR per year
Mid Sweden University ;801-1000;16380 EUR per year
Моscow University of Finance a ...;801-1000;16380 EUR per year
Tallinn University;801-1000;16380 EUR per year
Vitebsk State Medical University;801-1000;16380 EUR per year
École Navale;801-1000;16380 EUR per year
École Supérieure d'Informatiqu ...;801-1000;16380 EUR per year
Hasselt University;801-1000;16380 EUR per year
Linnaeus University Sweden;801-1000;16380 EUR per year
Universita' Politecnica delle ...;801-1000;16380 EUR per year
Lipetsk State Technical University;801-1000;16380 EUR per year
University of Agronomic Scienc ...;801-1000;16380 EUR per year
University of Bedfordshire;801-1000;16380 EUR per year
Ulyanovsk State University;801-1000;16380 EUR per year
École Supérieure d'Informatiqu ...;801-1000;16380 EUR per year
École Supérieure de Chimie Phy ...;801-1000;16380 EUR per year
Marbella International Univers ...;801-1000;16380 EUR per year
Universidad CEU San Pablo ;801-1000;16380 EUR per year
Centro de Estudios Financieros;801-1000;16380 EUR per year
Kemerovo Institute of Food Sci ...;801-1000;16380 EUR per year
State Higher Educational Estab ...;801-1000;16380 EUR per year
Technical University of Moldova;801-1000;16380 EUR per year
IFM University Geneva;801-1000;16380 EUR per year
Central European University;801-1000;16380 EUR per year
Vitebsk State Technological Un ...;801-1000;16380 EUR per year
Rostov State University of Eco ...;801-1000;16380 EUR per year
SKEMA Business School;801-1000;16380 EUR per year
Udmurt State University;801-1000;16380 EUR per year
Gubkin Russian State Universit ...;801-1000;16380 EUR per year
University of Sarajevo;801-1000;16380 EUR per year
International University of Monaco;801-1000;16380 EUR per year
Kazan National Research Techno ...;801-1000;16380 EUR per year
Liepājas Universitāte;801-1000;16380 EUR per year
Mendel University in Brno;801-1000;16380 EUR per year
Russian State University for t ...;801-1000;16380 EUR per year
Loughborough University London;801-1000;16380 EUR per year
Polytechnic College of the Uni ...;801-1000;16380 EUR per year
IMT Atlantique;801-1000;16380 EUR per year
Halmstad University;801-1000;16380 EUR per year
Chernihiv National University ...;801-1000;16380 EUR per year
Saint-Petersburg State Univers ...;801-1000;16380 EUR per year
University of Roehampton, London;801-1000;16380 EUR per year
Sant'Anna - Scuola Universitar ...;801-1000;16380 EUR per year
Saint Petersburg State Univers ...;801-1000;16380 EUR per year
Immanuel Kant Baltic Federal U ...;801-1000;16380 EUR per year
Belgorod State Technological U ...;801-1000;16380 EUR per year
Università degli studi di Bergamo;801-1000;16380 EUR per year
Vyatka State University;801-1000;16380 EUR per year
Universita' degli Studi di Macerata;801-1000;16380 EUR per year
International Hellenic University;801-1000;16380 EUR per year
Webster University - Geneva Campus;801-1000;16380 EUR per year
IED Istituto Europeo di Design;801-1000;16380 EUR per year
Leeds University Business School;801-1000;16380 EUR per year
